--仿照下面的格式用insert语句给三张表添加数据，
--要求学生表和选课表的记录至少要达到25条记录以上，
--课程表至少达到10条以上记录，
--可用本班级的学生姓名和所学课程为基本数据


--学生表插入
INSERT INTO Student VALUES(200215121,'张戈','男',17,'CS')
INSERT INTO Student VALUES(200215122,'张艺','男',20,'CS')
INSERT INTO Student VALUES(200215123,'张二','女',20,'MA')
INSERT INTO Student VALUES(200215124,'张三','男',20,'CS')
INSERT INTO Student VALUES(200215125,'张思','男',20,'MA')
INSERT INTO Student VALUES(200215126,'彰武','男',15,'MA')
INSERT INTO Student VALUES(200215127,'张柳','男',20,'MA')
INSERT INTO Student VALUES(200215128,'梁哲','男',13,'CS')
INSERT INTO Student VALUES(200215129,'梁毅','男',20,'IS')
INSERT INTO Student VALUES(200215120,'梁尔','男',20,'IS')
INSERT INTO Student VALUES(200215131,'梁散','男',16,'IS')
INSERT INTO Student VALUES(200215132,'梁思','男',20,'IS')
INSERT INTO Student VALUES(200215133,'梁武','男',12,'IS')
INSERT INTO Student VALUES(200215134,'梁柳','女',20,'MA')
INSERT INTO Student VALUES(200215135,'王文政','男',20,'MA')
INSERT INTO Student VALUES(200215136,'王文义','男',22,'MA')
INSERT INTO Student VALUES(200215137,'王文而','女',25,'MA')
INSERT INTO Student VALUES(200215138,'王文三','女',20,'MA')
INSERT INTO Student VALUES(200215139,'王文思','女',20,'CS')
INSERT INTO Student VALUES(200215140,'王文武','女',28,'CS')
INSERT INTO Student VALUES(200215141,'王文刘','女',20,'CS')
INSERT INTO Student VALUES(200215142,'王文琦','女',17,'CS')
INSERT INTO Student VALUES(200215143,'王文巴','女',18,'CS')
INSERT INTO Student VALUES(200215144,'王文久','女',11,'CS')
INSERT INTO Student VALUES(200215145,'王文是','女',19,'CS')

SELECT * from Student



--课程表插入
INSERT INTO Course VALUES(1,'数据库',4)
INSERT INTO Course VALUES(2,'数学',2)
INSERT INTO Course VALUES(3,'信息系统',4)
INSERT INTO Course VALUES(4,'操作系统',3)
INSERT INTO Course VALUES(5,'数据结构',4)
INSERT INTO Course VALUES(6,'数据处理',2)
INSERT INTO Course VALUES(7,'PASCAL语言',4)
INSERT INTO Course VALUES(8,'语文',4)
INSERT INTO Course VALUES(9,'英语',2)
INSERT INTO Course VALUES(10,'思想品德',4)

SELECT * from Course


--学生选课表插入
INSERT INTO SC VALUES(200215121,1,92)
INSERT INTO SC VALUES(200215122,2,88)
INSERT INTO SC VALUES(200215123,3,77)
INSERT INTO SC VALUES(200215124,4,66)
INSERT INTO SC VALUES(200215125,5,55)
INSERT INTO SC VALUES(200215126,6,44)
INSERT INTO SC VALUES(200215127,7,33)
INSERT INTO SC VALUES(200215128,8,22)
INSERT INTO SC VALUES(200215129,9,11)
INSERT INTO SC VALUES(200215120,10,100)
INSERT INTO SC VALUES(200215131,2,78)
INSERT INTO SC VALUES(200215132,3,68)
INSERT INTO SC VALUES(200215133,4,58)
INSERT INTO SC VALUES(200215134,5,48)
INSERT INTO SC VALUES(200215135,6,20)
INSERT INTO SC VALUES(200215136,7,15)
INSERT INTO SC VALUES(200215137,8,99)
INSERT INTO SC VALUES(200215138,9,98)
INSERT INTO SC VALUES(200215139,10,66)
INSERT INTO SC VALUES(200215140,1,66)
INSERT INTO SC VALUES(200215141,1,77)
INSERT INTO SC VALUES(200215142,1,99)
INSERT INTO SC VALUES(200215143,1,92)
INSERT INTO SC VALUES(200215144,1,22)
INSERT INTO SC VALUES(200215145,1,35)

SELECT * FROM SC
