SELECT * FROM student

INSERT INTO  student VALUES(200215121,'陈俊成','男',16,'信工系');
INSERT INTO  student VALUES(200215122,'陈启航','男',16,'建筑系');
INSERT INTO  student VALUES(200215123,'党刘涛','男',16,'信工系');
INSERT INTO  student VALUES(200215124,'刘博','男',16,'信工系');
INSERT INTO  student VALUES(200215125,'李佳康','男',17,'信工系');
INSERT INTO  student VALUES(200215126,'刘万通','男',15,'信工系');
INSERT INTO  student VALUES(200215127,'梁哲','男',16,'信工系');
INSERT INTO  student VALUES(200215128,'刘长江','男',16,'信工系');
INSERT INTO  student VALUES(200215129,'戚二康','男',16,'信工系');
INSERT INTO  student VALUES(2002151210,'尚赛赛','男',16,'信工系');
INSERT INTO  student VALUES(2002151211,'尚威杰','男',18,'信工系');
INSERT INTO  student VALUES(2002151212,'孙玉峰','男',17,'信工系');
INSERT INTO  student VALUES(2002151213,'申宇浩','男',15,'信工系');
INSERT INTO  student VALUES(2002151214,'王文政','男',16,'信工系');
INSERT INTO  student VALUES(2002151215,'许方为','男',16,'信工系');
INSERT INTO  student VALUES(2002151216,'许龙溪','男',16,'信工系');
INSERT INTO  student VALUES(2002151217,'徐士煜','男',20,'信工系');
INSERT INTO  student VALUES(2002151218,'于圣杰','男',36,'信工系');
INSERT INTO  student VALUES(2002151219,'张戈','男',17,'信工系');
INSERT INTO  student VALUES(2002151220,'张家豪','男',18,'信工系');
INSERT INTO  student VALUES(2002151221,'张济森','男',19,'信工系');
INSERT INTO  student VALUES(2002151222,'李勇','男',20,'cs');
INSERT INTO  student VALUES(2002151223,'刘晨','女',19,'cs');
INSERT INTO  student VALUES(2002151224,'王敏','女',18,'ma');
INSERT INTO  student VALUES(2002151225,'张立','男',19,'is');

DELETE FROM student




SELECT * FROM course
INSERT INTO course VALUES(1,'数据库',4);
INSERT INTO course VALUES(2,'数学',2);
INSERT INTO course VALUES(3,'信息系统',4);
INSERT INTO course VALUES(4,'操作系统',3);
INSERT INTO course VALUES(5,'数据结构',4);
INSERT INTO course VALUES(6,'数据处理',2);
INSERT INTO course VALUES(7,'pascal语言',4);
INSERT INTO course VALUES(8,'语文',4);
INSERT INTO course VALUES(9,'英语',3);
INSERT INTO course VALUES(10,'思修',2);




SELECT * FROM sc

INSERT INTO sc VALUES(200215121,1,92);
INSERT INTO sc VALUES(200215122,2,85);
INSERT INTO sc VALUES(200215123,3,88);
INSERT INTO sc VALUES(200215124,4,90);
INSERT INTO sc VALUES(200215125,5,80);
INSERT INTO sc VALUES(200215126,6,64);
INSERT INTO sc VALUES(200215127,7,97);
INSERT INTO sc VALUES(200215128,8,34);
INSERT INTO sc VALUES(200215129,9,80);
INSERT INTO sc VALUES(2002151210,10,86);
INSERT INTO sc VALUES(2002151211,1,91);
INSERT INTO sc VALUES(2002151212,2,84);
INSERT INTO sc VALUES(2002151213,3,83);
INSERT INTO sc VALUES(2002151214,4,69);
INSERT INTO sc VALUES(2002151215,5,76);
INSERT INTO sc VALUES(2002151216,6,75);
INSERT INTO sc VALUES(2002151217,7,79);
INSERT INTO sc VALUES(2002151218,8,70);
INSERT INTO sc VALUES(2002151219,9,73);
INSERT INTO sc VALUES(2002151220,10,77);
INSERT INTO sc VALUES(2002151221,1,78);
INSERT INTO sc VALUES(2002151222,2,79);
INSERT INTO sc VALUES(2002151223,3,65);
INSERT INTO sc VALUES(2002151224,4,99);
INSERT INTO sc VALUES(2002151225,5,80);
